{
  "timestamp": "2026-02-26T08:10:33.550168",
  "experiment": "Metric tensor analysis from multi-basis measurements",
  "traces": {
    "ising": [
      0.0217,
      0.035,
      0.07239999999999999,
      0.1358,
      0.18730000000000002,
      0.2081,
      0.1703,
      0.1396
    ],
    "xy": [
      0.0207,
      0.0575,
      0.0912,
      0.13699999999999998,
      0.0995,
      0.1476,
      0.146,
      0.0489
    ]
  },
  "frobenius": {
    "ising": [
      0.012605950975630519,
      0.020381854675176152,
      0.04675147056510629,
      0.10033115169278184,
      0.14607960158762756,
      0.17336553867478968,
      0.14129716911530818,
      0.11358793950063537
    ],
    "xy": [
      0.011983738982471206,
      0.03590250687626144,
      0.05691625426888175,
      0.09737771819055939,
      0.057898791006375946,
      0.08800227269792525,
      0.09238603790616848,
      0.03409442769720589
    ]
  },
  "max_eigenvals": {
    "ising": [
      0.0079,
      0.0129,
      0.0371,
      0.096,
      0.1426,
      0.1714,
      0.1394,
      0.1117
    ],
    "xy": [
      0.0076,
      0.0303,
      0.0467,
      0.088,
      0.0381,
      0.0664,
      0.0737,
      0.0319
    ]
  },
  "trace_correlation": 0.7581494712835264,
  "frobenius_correlation": 0.6929808959669774,
  "max_eigenval_correlation": 0.5896708832981157,
  "ising_anisotropy": 0.6845158547611553,
  "xy_anisotropy": 0.5244684317099746
}